name,caption
00000998.jpg,"Upgrade your badminton game with this premium badminton racket and shuttlecock set. Designed for both beginners and seasoned players, this set offers optimal performance and durability. The lightweight racket features a high-tension string system for improved power and control, while the ergonomic grip ensures comfort during intense matches. The included shuttlecock is engineered for stable flight and enhanced durability, making it perfect for both indoor and outdoor play. Elevate your play with this essential badminton set, tailored for superior performance and enjoyment."
00000450.jpeg,"Introducing the SNS Xenon Field Hockey Stick – the perfect blend of performance and style for players of all levels. Crafted with durable materials, this stick features a sleek black design accented with striking yellow and white graphics for an eye-catching look on the field. The ergonomic grip ensures superior handling and control, enhancing your gameplay experience. Ideal for both beginners and seasoned players, the SNS Xenon is designed to elevate your skills and help you achieve your best performance. Get ready to make your mark with this top-quality"
00000584.jpg,"**Product Description: Premium Field Hockey Stick and Ball Set**

Elevate your game with our Premium Field Hockey Stick and Ball Set. Designed for players of all skill levels, this set promises durability and precision on the field. 

**Key Features:**

- **Durable Construction:** Crafted from high-quality materials to withstand intense play and extend longevity.

- **Optimal Performance:** The stick offers excellent grip and control, ensuring smooth handling and precise shots.

- **Versatile Design:** Perfect for both practice sessions"
00000762.jpg,"Enhance your table tennis game with the Pro Spin Table Tennis Paddle. Featuring a high-quality rubber surface for exceptional spin and control, this paddle is perfect for players of all levels. The ergonomic wooden handle ensures a comfortable grip, allowing for precise shots and superior performance. Whether you're a beginner or an experienced player, this paddle offers a perfect balance of speed and control. Elevate your game and play like a pro with this must-have table tennis accessory!"
00000649.jpg,"Enhance your ping pong game with our Professional Table Tennis Paddle. Featuring a high-quality, smooth red rubber surface for optimal spin and speed, this paddle is perfect for both beginners and competitive players. The ergonomic handle ensures a comfortable grip, allowing for precision and control during intense matches. Whether you're practicing at home or playing in a tournament, this paddle delivers consistent performance and durability. Elevate your skills and enjoy the game like never before!

- High-quality red rubber surface
- Ergonomic handle for comfort"
00000619.png,"Improve your badminton game with this high-quality yellow nylon shuttlecock. Designed for durability and consistent performance, it features a robust nylon skirt and a sturdy cork base for precise flight and control. Ideal for both indoor and outdoor play, this shuttlecock is perfect for players of all levels—from beginners to seasoned professionals. Bright and easy to spot, you’ll enjoy better visibility on the court. Enhance your rally experience with this reliable and well-crafted shuttlecock."
00000615.jpg,"**Product Title:** Premium Quality Soccer Ball

**Description:** 
Elevate your game with our Premium Quality Soccer Ball, designed for durability and performance. Ideal for both training sessions and competitive play, this ball is constructed with high-quality materials that ensure long-lasting use and optimal ball control. The classic black and white pattern provides excellent visibility on the field, while the seamless stitching enhances its aerodynamics. Suitable for all age groups and skill levels, this soccer ball is a must-have for soccer enthusiasts looking to"
00000780.jpg,"Elevate your ping pong game with this premium table tennis paddle, designed for both casual players and professionals. Featuring a high-quality wooden blade and a vibrant red rubber surface, this paddle ensures superior grip and spin control. The ergonomic handle offers comfort and precision with every serve and return. Perfect for recreational play or competitive matches, this paddle will enhance your performance and bring fun to any table tennis session. Includes a durable table tennis ball to get you started right away."
00000617.jpg,"**Lightweight Performance Badminton Racket**

Elevate your game with this high-performance badminton racket, crafted for both amateur enthusiasts and seasoned players. Featuring a lightweight aluminum frame, this racket provides excellent maneuverability and swift, precise swings. The durable strings offer a perfect balance between power and control, allowing for explosive smashes and quick defensive shots. The sleek design is complemented by a comfortable grip, minimizing hand fatigue during intense matches. Whether you're playing competitively or just for fun, this racket is your"
00000754.jpg,"**Premium Quality Soccer Ball**

Elevate your game with this premium quality soccer ball! Designed for durability and optimal performance, this ball is perfect for both practice sessions and intense matches. Made from high-quality materials, it ensures precise control and excellent flight dynamics. Suitable for various pitch surfaces, its vibrant black and white pattern enhances visibility during play. Ideal for players of all ages and skill levels, this soccer ball will become an essential part of your sports gear collection.

- **Material**: Synthetic Leather
"
00000761.jpg,"**Official Major League Baseball (MLB) Baseball**

Elevate your game with the Official Major League Baseball (MLB) Baseball, crafted to meet the highest standards of professional play. This premium baseball features an iconic design with the MLB logo prominently displayed, making it perfect for collectors, players, or fans. Made with high-quality leather for an excellent grip and durable stitching for long-lasting performance, it's ideal for games, practice, or display. Whether you're on the field or adding to your memorabilia collection"
00000621.jpg,"**Product Description: Badminton Racket**

Elevate your game with this high-performance badminton racket, designed for both intermediate and professional players. Lightweight and durable, it offers exceptional handling and control, allowing you to dominate the court with precision. The ergonomic grip ensures optimal comfort during intense matches, while the advanced aerodynamics reduce air resistance for faster swings and greater power. Perfect for competitive matches or casual play, this racket is your go-to choice for superior maneuverability and performance. Unlock your full potential and"
00000691.jpg,"**Product Description: Foldable Table Tennis Table**

Elevate your game room with this high-quality Foldable Table Tennis Table! Engineered for both fun and functionality, this table features a durable, smooth playing surface that ensures consistent bounce and optimal play experience. The sturdy steel frame provides excellent stability, while the foldable design allows for easy storage when not in use. 

**Key Features:**

- **Premium Surface:** Designed for competitive play with a smooth, anti-glare finish.
  
- **"
00000769.jpg,"**STAG Professional Table Tennis Table**

Elevate your game with the STAG Professional Table Tennis Table, perfect for competitive play or family fun. Crafted with precision, this table features a blue playing surface that provides consistent bounce and excellent durability.

- **Regulation Size:** Meets international standards for competitive play.
- **Sturdy Construction:** Built with robust materials to ensure stability during intense matches.
- **Easy Setup:** Comes with a simple assembly process to get you playing in no time.
- **Portable"
00000776.jpg,"**Product Name: Elite Performance Soccer Cleats**

**Description:**
Elevate your game with the Elite Performance Soccer Cleats. These cleats are designed for players who demand speed, agility, and precision on the field. Featuring a sleek white upper with bold red accents, they provide both style and functionality. The textured surface enhances ball control, while the durable stud configuration offers superior traction on firm ground surfaces. Built with a lightweight, breathable material, these cleats ensure comfort and support throughout the match"
